idcomp	hrpc	hlam	status	hlam_swapped	status_swapped
chr6:29730884:G:A	1|1	1|0	DIFF	0|1	DIFF
chr6:29755651:CAG:C	1|1	1|0	DIFF	0|1	DIFF
chr6:29755897:T:C	1|1	1|0	DIFF	0|1	DIFF
chr6:29765811:CCTGGAAT:C	1|1	1|0	DIFF	0|1	DIFF
chr6:29767916:A:G	1|1	1|0	DIFF	0|1	DIFF
chr6:29868313:T:C	1|1	1|0	DIFF	0|1	DIFF
chr6:29943806:G:GACAC	1|1	0|1	DIFF	1|0	DIFF
chr6:29945891:T:G	1|1	1|0	DIFF	0|1	DIFF
chr6:29948260:C:T	1|1	0|1	DIFF	1|0	DIFF
chr6:29951110:T:C	1|1	1|0	DIFF	0|1	DIFF
chr6:29951287:C:T	1|1	1|0	DIFF	0|1	DIFF
chr6:29951355:T:G	1|1	1|0	DIFF	0|1	DIFF
chr6:29952349:C:T	1|1	1|0	DIFF	0|1	DIFF
chr6:29954963:A:G	1|1	1|0	DIFF	0|1	DIFF
chr6:29955204:T:TCA	1|1	1|0	DIFF	0|1	DIFF
chr6:29955246:C:T	1|1	1|0	DIFF	0|1	DIFF
chr6:29957444:C:CA	1|1	1|0	DIFF	0|1	DIFF
chr6:31021588:A:G,*	2|1	1|1	DIFF	1|1	DIFF
chr6:31052843:AAG:A,*	1|2	1|0	DIFF	0|1	DIFF
chr6:31133366:CCAGACATAGGGAA:C	1|0	0|0	DIFF	0|0	DIFF
chr6:31201079:T:A	1|0	0|0	DIFF	0|0	DIFF
chr6:31228402:A:ACTTTT	1|1	1|0	DIFF	0|1	DIFF
chr6:31390620:C:T	1|1	0|1	DIFF	1|0	DIFF
chr6:31489566:T:C	1|1	0|1	DIFF	1|0	DIFF
chr6:31489707:C:T	1|1	0|1	DIFF	1|0	DIFF
chr6:31494202:C:T	1|0	1|1	DIFF	1|1	DIFF
chr6:31494254:C:T	1|0	1|1	DIFF	1|1	DIFF
chr6:31494258:G:A	1|0	1|1	DIFF	1|1	DIFF
chr6:31494468:C:T	1|0	1|1	DIFF	1|1	DIFF
chr6:31494471:T:G	1|0	1|1	DIFF	1|1	DIFF
chr6:31494895:A:C	1|0	1|1	DIFF	1|1	DIFF
chr6:31494977:G:C	0|1	0|0	DIFF	0|0	DIFF
chr6:31495154:T:A	0|1	0|0	DIFF	0|0	DIFF
chr6:31495341:A:T	0|1	0|0	DIFF	0|0	DIFF
chr6:31495431:T:C	0|1	0|0	DIFF	0|0	DIFF
chr6:31495548:A:G	1|0	1|1	DIFF	1|1	DIFF
chr6:31495714:G:A	1|0	1|1	DIFF	1|1	DIFF
chr6:31495756:A:ACTCGC	1|0	1|1	DIFF	1|1	DIFF
chr6:31495800:T:C	1|0	1|1	DIFF	1|1	DIFF
chr6:31495814:G:A	0|1	0|0	DIFF	0|0	DIFF
chr6:32345991:TGTCATATCCTCATTTTTTTTTTTTTTTTTTTTTTGAGACGGAGTCTCGCTCTGTCGCCCAGGCCGGACTGCGGACTGCAGTGGCGCAATCTCGGCTCACTGCAAGCTCCGCTTCCCGGGTTCACGCCATTCTCCTGCCTCAGCCTCCCGAGTAGCTGGGACTACAGGTGCCCGCCACAGCGCTCGGCTAATTTTTTTGTATTTTTAGTAGAGACGGGGTTTCACCTTGTTAGCCAGGATGGTCTCGATCTCCTGACCTCATGATCCACCCGCCTCGGCCTCCCAAAGTGCTGGGATTACAGGCGTGAGCCACCGCGCCCGGCC:T	1|1	0|0	DIFF	0|0	DIFF
chr6:32394272:A:AGTT	1|0	0|0	DIFF	0|0	DIFF
chr6:32467922:C:T	1|0	0|0	DIFF	0|0	DIFF
chr6:32467928:T:C	1|0	0|0	DIFF	0|0	DIFF
chr6:32469413:T:C	1|0	0|0	DIFF	0|0	DIFF
chr6:32724671:A:AG	0|1	0|0	DIFF	0|0	DIFF
chr6:32781453:TTGTTTTCTTTTTTTTTTTTTTTTTTTTTTTGAGACGGAGTTTCGCTCTGTCGCCCAGGCTGGAGCGCAGTGGCGCGATCTCGGCTCACTGCAAGCTCCGCCTCCCGGGTTCACGCCATTCTCCTGCCTCAGCCTCCCGAGTAGCTGGGACTACAGGCGGGCACCACCATGCCCGGCTAATTTTTTGTATTTTTAGTAGAGACGGGGTTTCACTGTGTCAGCCAGGATAGTCTCGATCTCCTGACCTCGTGATCCGCCCGTCTCGGCCTCCCAAAGTGCTGGGATTACAGGCGTGAGCCACCGTGCCCGGCC:T	0|1	0|0	DIFF	0|0	DIFF
chr6:33067892:C:A	1|0	0|0	DIFF	0|0	DIFF
