idcomp	hrpc	hlam	status
chr6:29730884:G:A	1|1	1|0	DIFF
chr6:29741630:T:C	1|1	0|1	DIFF
chr6:29742017:C:T	1|1	0|1	DIFF
chr6:29742035:C:T	1|1	0|1	DIFF
chr6:29755651:CAG:C	1|1	0|1	DIFF
chr6:29765511:A:C	1|1	0|1	DIFF
chr6:29765643:T:C	1|1	0|1	DIFF
chr6:29765760:G:C	1|1	0|1	DIFF
chr6:29765811:CCTGGAAT:C	1|1	0|1	DIFF
chr6:29766030:C:A	1|1	0|1	DIFF
chr6:29766919:A:G	1|1	0|1	DIFF
chr6:29767357:G:A	1|1	0|1	DIFF
chr6:29767614:T:C	1|1	0|1	DIFF
chr6:29767678:C:A	1|1	0|1	DIFF
chr6:29767692:G:A	1|1	0|1	DIFF
chr6:29767715:T:C	1|1	0|1	DIFF
chr6:29767716:G:A	1|1	0|1	DIFF
chr6:29767916:A:G	1|1	0|1	DIFF
chr6:29768452:C:A	1|1	0|1	DIFF
chr6:29769218:T:C	1|1	0|1	DIFF
chr6:29769245:C:T	1|1	0|1	DIFF
chr6:29769382:G:C	1|1	0|1	DIFF
chr6:29786580:C:T	1|1	0|1	DIFF
chr6:29793305:C:CATG	1|1	0|1	DIFF
chr6:29793745:C:A	1|1	0|1	DIFF
chr6:29793940:T:C	1|1	0|1	DIFF
chr6:29794058:A:G	1|1	0|1	DIFF
chr6:29794119:A:G	1|1	0|1	DIFF
chr6:29794530:T:A	1|1	0|1	DIFF
chr6:29794916:C:T	1|1	0|1	DIFF
chr6:29795126:G:A	1|1	0|1	DIFF
chr6:29796586:C:T	1|1	0|1	DIFF
chr6:29796771:A:G	1|1	0|1	DIFF
chr6:29796879:G:A	1|1	0|1	DIFF
chr6:29796886:T:C	1|1	0|1	DIFF
chr6:29796982:T:C	1|1	0|1	DIFF
chr6:29797224:G:A	1|1	0|1	DIFF
chr6:29797270:A:T	1|1	0|1	DIFF
chr6:29797493:C:T	1|1	0|1	DIFF
chr6:29797514:A:G	1|1	0|1	DIFF
chr6:29797939:T:A	1|1	0|1	DIFF
chr6:29798088:C:T	1|1	0|1	DIFF
chr6:29798308:T:C	1|1	0|1	DIFF
chr6:29798348:G:A	1|1	0|1	DIFF
chr6:29798381:A:G	1|1	0|1	DIFF
chr6:29799611:C:T	1|1	0|1	DIFF
chr6:29799789:C:A	1|1	0|1	DIFF
chr6:29800164:A:G	1|1	1|0	DIFF
chr6:29800272:G:A	1|1	1|0	DIFF
chr6:29800648:GAGA:G	1|1	0|1	DIFF
chr6:29800694:C:T	1|1	0|1	DIFF
chr6:29800738:AG:A	1|1	0|1	DIFF
chr6:29801003:T:C	1|1	0|1	DIFF
chr6:29802410:A:C	1|1	0|1	DIFF
chr6:29804282:A:G	1|1	0|1	DIFF
chr6:29804618:G:A	1|1	0|1	DIFF
chr6:29805943:T:C	1|1	0|1	DIFF
chr6:29806177:T:C	1|1	0|1	DIFF
chr6:29810115:G:A	1|1	0|1	DIFF
chr6:29810541:A:G	1|1	1|0	DIFF
chr6:29810556:T:C	1|1	1|0	DIFF
chr6:29810830:T:C	1|1	0|1	DIFF
chr6:29811426:G:A	1|1	0|1	DIFF
chr6:29812029:C:T	1|1	0|1	DIFF
chr6:29813697:A:G	1|1	0|1	DIFF
chr6:29813805:G:A	1|1	0|1	DIFF
chr6:29813926:T:C	1|1	0|1	DIFF
chr6:29814109:C:T	1|1	0|1	DIFF
chr6:29814210:A:C	1|1	0|1	DIFF
chr6:29814233:G:T	1|1	0|1	DIFF
chr6:29814693:C:T	1|1	0|1	DIFF
chr6:29814856:T:C	1|1	0|1	DIFF
chr6:29816540:C:T	1|1	0|1	DIFF
chr6:29854578:C:T	1|1	0|1	DIFF
chr6:29855702:A:G	1|1	0|1	DIFF
chr6:29867855:T:C	1|1	0|1	DIFF
chr6:29868202:G:A	1|1	0|1	DIFF
chr6:29868222:A:G	1|1	0|1	DIFF
chr6:29870232:T:C	1|1	0|1	DIFF
chr6:29870367:G:T	1|1	0|1	DIFF
chr6:29870896:C:T	1|1	0|1	DIFF
chr6:29870905:A:C	1|1	0|1	DIFF
chr6:29871027:G:T	1|1	0|1	DIFF
chr6:29871032:C:T	1|1	0|1	DIFF
chr6:29871051:G:A	1|1	0|1	DIFF
chr6:29882950:C:T	1|1	1|0	DIFF
chr6:29943806:G:GACAC	1|0	0|0	DIFF
chr6:29948216:C:A	1|1	0|1	DIFF
chr6:29948260:C:T	1|1	0|0	DIFF
chr6:29949558:G:GTAAA	0|1	1|1	DIFF
chr6:29955076:T:C	1|0	0|0	DIFF
chr6:29955157:G:T	1|1	0|1	DIFF
chr6:29957444:C:CA	1|1	0|1	DIFF
chr6:29960851:C:T	1|1	0|1	DIFF
chr6:29960872:T:G	1|1	0|1	DIFF
chr6:29961476:C:T	1|1	1|0	DIFF
chr6:29980705:G:T	1|1	0|1	DIFF
chr6:29980813:GA:G	1|1	0|1	DIFF
chr6:29981283:A:G	1|1	0|1	DIFF
chr6:29981346:G:T	1|1	0|1	DIFF
chr6:29981391:G:T	1|1	0|1	DIFF
chr6:29981671:A:G	1|1	0|1	DIFF
chr6:29981679:C:T	1|1	0|1	DIFF
chr6:29982363:A:G	1|1	0|1	DIFF
chr6:29982800:A:G	1|1	0|1	DIFF
chr6:29982804:A:G	1|1	0|1	DIFF
chr6:29985665:C:T	1|1	0|1	DIFF
chr6:29985821:G:C	1|1	0|1	DIFF
chr6:29985851:G:A	1|1	0|1	DIFF
chr6:29985939:T:C	1|1	0|1	DIFF
chr6:29985957:A:G	1|1	0|1	DIFF
chr6:29986211:C:T	1|1	0|1	DIFF
chr6:29986338:C:G	1|1	0|1	DIFF
chr6:29986413:T:C	1|1	0|1	DIFF
chr6:29986865:C:T	1|1	0|1	DIFF
chr6:29986942:C:T	1|1	0|1	DIFF
chr6:29987003:G:A	1|1	0|1	DIFF
chr6:29987042:A:G	1|1	0|1	DIFF
chr6:29987074:A:G	1|1	0|1	DIFF
chr6:29987311:G:T	1|1	0|1	DIFF
chr6:29987654:G:A	1|1	0|1	DIFF
chr6:29987726:G:C	1|1	0|1	DIFF
chr6:29987833:G:A	1|1	0|1	DIFF
chr6:29988246:A:G	1|1	0|1	DIFF
chr6:29988249:G:A	1|1	0|1	DIFF
chr6:29988516:C:T	1|1	0|1	DIFF
chr6:29988610:G:A	1|1	0|1	DIFF
chr6:29988627:C:A	1|1	0|1	DIFF
chr6:29988694:A:G	1|1	0|1	DIFF
chr6:29988743:A:G	1|1	0|1	DIFF
chr6:29988877:G:T	1|1	0|1	DIFF
chr6:29989065:A:G	1|1	0|1	DIFF
chr6:29990384:A:C	1|1	0|1	DIFF
chr6:29992582:T:C	1|1	0|1	DIFF
chr6:29992607:C:A	1|1	0|1	DIFF
chr6:29993093:A:T	1|1	0|1	DIFF
chr6:29993222:G:T	1|1	0|1	DIFF
chr6:29993281:AC:A	1|1	0|1	DIFF
chr6:29993284:G:T	1|1	0|1	DIFF
chr6:29998247:G:A	1|1	0|1	DIFF
chr6:29998314:T:C	1|1	0|1	DIFF
chr6:29998316:A:G	1|1	0|1	DIFF
chr6:29999555:T:C	1|1	0|1	DIFF
chr6:30000403:C:G	1|1	0|1	DIFF
chr6:30471535:T:G	1|0	0|0	DIFF
chr6:30471542:G:A	1|0	0|0	DIFF
chr6:30471557:T:C	1|0	0|0	DIFF
chr6:30471567:G:A	1|0	0|0	DIFF
chr6:30471577:C:T	1|0	0|0	DIFF
chr6:30471586:C:T	1|0	0|0	DIFF
chr6:30471611:G:A	1|0	0|0	DIFF
chr6:30471620:C:T	0|1	1|1	DIFF
chr6:31133366:CCAGACATAGGGAA:C	1|0	0|0	DIFF
chr6:31389421:T:G	1|1	0|1	DIFF
chr6:31389422:T:C	1|1	0|1	DIFF
chr6:31389618:G:A	1|1	0|1	DIFF
chr6:31389635:G:C	1|1	0|1	DIFF
chr6:31389636:G:A	1|1	0|1	DIFF
chr6:31389668:C:T	1|1	0|1	DIFF
chr6:31389673:CCTCCCAGCCCA:C	1|1	0|1	DIFF
chr6:31389712:C:T	1|1	0|1	DIFF
chr6:31389749:G:A	1|1	0|1	DIFF
chr6:31389994:T:C	1|1	0|1	DIFF
chr6:31390049:G:A	1|1	0|1	DIFF
chr6:31391141:A:G	1|1	1|0	DIFF
chr6:31391464:C:T	1|1	1|0	DIFF
chr6:31391474:G:A	1|1	1|0	DIFF
chr6:31393459:C:T	1|1	0|1	DIFF
chr6:31393460:A:G	1|1	0|1	DIFF
chr6:31394081:G:A	1|1	1|0	DIFF
chr6:31394197:T:C	1|1	1|0	DIFF
chr6:31394233:G:A	1|1	1|0	DIFF
chr6:31487563:C:T	1|1	1|0	DIFF
chr6:31487727:G:A	0|1	0|0	DIFF
chr6:31487762:C:CT	0|1	0|0	DIFF
chr6:31488445:T:C	1|1	0|1	DIFF
chr6:32345991:TGTCATATCCTCATTTTTTTTTTTTTTTTTTTTTTGAGACGGAGTCTCGCTCTGTCGCCCAGGCCGGACTGCGGACTGCAGTGGCGCAATCTCGGCTCACTGCAAGCTCCGCTTCCCGGGTTCACGCCATTCTCCTGCCTCAGCCTCCCGAGTAGCTGGGACTACAGGTGCCCGCCACAGCGCTCGGCTAATTTTTTTGTATTTTTAGTAGAGACGGGGTTTCACCTTGTTAGCCAGGATGGTCTCGATCTCCTGACCTCATGATCCACCCGCCTCGGCCTCCCAAAGTGCTGGGATTACAGGCGTGAGCCACCGCGCCCGGCC:T	0|1	0|0	DIFF
chr6:32467922:C:T	1|0	0|0	DIFF
chr6:32467928:T:C	1|0	0|0	DIFF
chr6:32469413:T:C	1|0	0|0	DIFF
chr6:32699984:C:T	0|1	0|0	DIFF
chr6:32765968:A:AC	1|0	1|1	DIFF
chr6:32776544:T:C	1|1	1|0	DIFF
chr6:32781453:TTGTTTTCTTTTTTTTTTTTTTTTTTTTTTTGAGACGGAGTTTCGCTCTGTCGCCCAGGCTGGAGCGCAGTGGCGCGATCTCGGCTCACTGCAAGCTCCGCCTCCCGGGTTCACGCCATTCTCCTGCCTCAGCCTCCCGAGTAGCTGGGACTACAGGCGGGCACCACCATGCCCGGCTAATTTTTTGTATTTTTAGTAGAGACGGGGTTTCACTGTGTCAGCCAGGATAGTCTCGATCTCCTGACCTCGTGATCCGCCCGTCTCGGCCTCCCAAAGTGCTGGGATTACAGGCGTGAGCCACCGTGCCCGGCC:T	1|1	0|0	DIFF
chr6:33067892:C:A	1|1	0|0	DIFF
